FlightNumber,Date,Year,LaunchSite,Orbit,PayloadMass,Reused,GridFins,Legs,Class
1,2010-06-04 00:00:00.000000,2010,CCAFS SLC-40,ISS,4095.0,False,False,False,0
2,2010-07-17 01:20:53.932584,2010,CCAFS LC-40,GTO,5322.0,False,False,False,0
3,2010-08-29 02:41:47.865168,2010,VAFB SLC-4E,VLEO,15000.0,False,False,False,0
4,2010-10-11 04:02:41.797752,2010,CCAFS LC-40,VLEO,14423.0,False,False,False,0
5,2010-11-23 05:23:35.730337,2010,CCAFS LC-40,ISS,4343.0,False,False,False,0
6,2011-01-05 06:44:29.662921,2011,VAFB SLC-4E,GTO,4884.0,False,False,False,0
7,2011-02-17 08:05:23.595505,2011,CCAFS SLC-40,VLEO,16000.0,False,False,False,0
8,2011-04-01 09:26:17.528089,2011,CCAFS SLC-40,LEO,3225.0,False,False,False,0
9,2011-05-14 10:47:11.460674,2011,CCAFS LC-40,ISS,6759.0,False,False,False,0
10,2011-06-26 12:08:05.393258,2011,CCAFS LC-40,HEO,5775.0,False,False,False,0
11,2011-08-08 13:28:59.325842,2011,CCAFS LC-40,MEO,1691.0,False,False,False,0
12,2011-09-20 14:49:53.258426,2011,VAFB SLC-4E,GTO,3448.0,False,False,False,1
13,2011-11-02 16:10:47.191011,2011,CCAFS LC-40,ISS,5358.0,False,True,True,0
14,2011-12-15 17:31:41.123595,2011,KSC LC-39A,HEO,8085.0,False,True,True,0
15,2012-01-27 18:52:35.056179,2012,CCAFS LC-40,GTO,5231.0,False,True,True,0
16,2012-03-10 20:13:28.988764,2012,CCAFS LC-40,GTO,4925.0,False,True,True,0
17,2012-04-22 21:34:22.921348,2012,CCAFS LC-40,VLEO,15364.0,False,True,True,0
18,2012-06-04 22:55:16.853932,2012,CCAFS LC-40,ISS,4719.0,False,True,True,0
19,2012-07-18 00:16:10.786516,2012,KSC LC-39A,LEO,8621.0,False,True,True,0
20,2012-08-30 01:37:04.719101,2012,CCAFS LC-40,MEO,3049.0,False,True,True,0
21,2012-10-12 02:57:58.651685,2012,CCAFS SLC-40,VLEO,15042.0,False,True,True,0
22,2012-11-24 04:18:52.584269,2012,CCAFS LC-40,ISS,7029.0,False,True,True,0
23,2013-01-06 05:39:46.516853,2013,VAFB SLC-4E,ISS,2493.0,False,True,True,0
24,2013-02-18 07:00:40.449438,2013,VAFB SLC-4E,PO,3737.0,False,True,True,0
25,2013-04-02 08:21:34.382022,2013,KSC LC-39A,ISS,6381.0,False,True,True,0
26,2013-05-15 09:42:28.314606,2013,CCAFS LC-40,SSO,300.0,False,True,True,0
27,2013-06-27 11:03:22.247191,2013,CCAFS SLC-40,GTO,6466.0,False,True,True,1
28,2013-08-09 12:24:16.179775,2013,CCAFS LC-40,GTO,2425.0,False,True,True,0
29,2013-09-21 13:45:10.112359,2013,CCAFS LC-40,VLEO,15141.0,False,True,True,0
30,2013-11-03 15:06:04.044943,2013,KSC LC-39A,GTO,4235.0,False,True,True,0
31,2013-12-16 16:26:57.977528,2013,KSC LC-39A,GTO,3672.0,False,True,True,1
32,2014-01-28 17:47:51.910112,2014,VAFB SLC-4E,GTO,4183.0,False,True,True,1
33,2014-03-12 19:08:45.842696,2014,CCAFS LC-40,LEO,392.0,False,True,True,1
34,2014-04-24 20:29:39.775280,2014,CCAFS LC-40,VLEO,16000.0,False,True,True,1
35,2014-06-06 21:50:33.707865,2014,CCAFS SLC-40,LEO,3620.0,False,True,True,0
36,2014-07-19 23:11:27.640449,2014,CCAFS LC-40,PO,2462.0,False,True,True,1
37,2014-09-01 00:32:21.573033,2014,CCAFS LC-40,ISS,4511.0,False,True,True,1
38,2014-10-14 01:53:15.505617,2014,CCAFS SLC-40,ISS,5044.0,False,True,True,0
39,2014-11-26 03:14:09.438202,2014,CCAFS LC-40,ISS,3804.0,False,True,True,1
40,2015-01-08 04:35:03.370786,2015,KSC LC-39A,GTO,6307.0,False,True,True,1
41,2015-02-20 05:55:57.303370,2015,CCAFS SLC-40,ISS,4004.0,True,True,True,0
42,2015-04-04 07:16:51.235955,2015,KSC LC-39A,ES-L1,4666.0,False,True,True,0
43,2015-05-17 08:37:45.168539,2015,KSC LC-39A,GTO,4456.0,True,True,True,0
44,2015-06-29 09:58:39.101123,2015,CCAFS LC-40,VLEO,15942.0,True,True,True,0
45,2015-08-11 11:19:33.033707,2015,KSC LC-39A,GTO,5864.0,True,True,True,1
46,2015-09-23 12:40:26.966292,2015,KSC LC-39A,LEO,5305.0,False,True,True,0
47,2015-11-05 14:01:20.898876,2015,CCAFS SLC-40,HEO,3873.0,True,True,True,0
48,2015-12-18 15:22:14.831460,2015,CCAFS LC-40,PO,4647.0,True,True,True,0
49,2016-01-30 16:43:08.764044,2016,KSC LC-39A,SSO,2915.0,True,True,True,0
50,2016-03-13 18:04:02.696629,2016,CCAFS LC-40,LEO,3241.0,True,True,True,0
51,2016-04-25 19:24:56.629213,2016,CCAFS LC-40,PO,5325.0,True,True,True,0
52,2016-06-07 20:45:50.561797,2016,CCAFS LC-40,PO,300.0,False,True,True,1
53,2016-07-20 22:06:44.494382,2016,KSC LC-39A,ES-L1,648.0,True,True,True,0
54,2016-09-01 23:27:38.426966,2016,KSC LC-39A,PO,300.0,False,True,True,1
55,2016-10-15 00:48:32.359550,2016,KSC LC-39A,VLEO,14847.0,False,True,True,1
56,2016-11-27 02:09:26.292134,2016,KSC LC-39A,ISS,2008.0,True,True,True,1
57,2017-01-09 03:30:20.224719,2017,CCAFS SLC-40,VLEO,15601.0,True,True,True,0
58,2017-02-21 04:51:14.157303,2017,CCAFS SLC-40,PO,2873.0,False,True,True,0
59,2017-04-05 06:12:08.089887,2017,CCAFS LC-40,VLEO,15585.0,True,True,True,1
60,2017-05-18 07:33:02.022471,2017,CCAFS LC-40,LEO,5896.0,True,True,True,1
61,2017-06-30 08:53:55.955056,2017,KSC LC-39A,SSO,6421.0,False,True,True,1
62,2017-08-12 10:14:49.887640,2017,CCAFS SLC-40,MEO,3348.0,False,True,True,1
63,2017-09-24 11:35:43.820224,2017,CCAFS SLC-40,ISS,6478.0,False,True,True,1
64,2017-11-06 12:56:37.752808,2017,KSC LC-39A,PO,3703.0,True,True,True,1
65,2017-12-19 14:17:31.685393,2017,CCAFS SLC-40,ISS,1658.0,False,True,True,1
66,2018-01-31 15:38:25.617977,2018,CCAFS SLC-40,GTO,2863.0,False,True,True,1
67,2018-03-15 16:59:19.550561,2018,CCAFS SLC-40,ISS,300.0,True,True,True,0
68,2018-04-27 18:20:13.483146,2018,CCAFS LC-40,GTO,8694.0,False,True,True,1
69,2018-06-09 19:41:07.415730,2018,CCAFS LC-40,GTO,3569.0,True,True,True,0
70,2018-07-22 21:02:01.348314,2018,CCAFS SLC-40,GTO,3855.0,True,True,True,1
71,2018-09-03 22:22:55.280898,2018,CCAFS LC-40,ISS,7286.0,False,True,True,1
72,2018-10-16 23:43:49.213483,2018,CCAFS SLC-40,MEO,459.0,True,True,True,1
73,2018-11-29 01:04:43.146067,2018,KSC LC-39A,ISS,4364.0,True,True,True,1
74,2019-01-11 02:25:37.078651,2019,CCAFS LC-40,LEO,1211.0,False,True,True,1
75,2019-02-23 03:46:31.011235,2019,CCAFS LC-40,PO,4544.0,False,True,True,1
76,2019-04-07 05:07:24.943820,2019,CCAFS LC-40,VLEO,15058.0,False,True,True,1
77,2019-05-20 06:28:18.876404,2019,CCAFS LC-40,SSO,300.0,False,True,True,1
78,2019-07-02 07:49:12.808988,2019,KSC LC-39A,SSO,5542.0,False,True,True,1
79,2019-08-14 09:10:06.741573,2019,CCAFS SLC-40,ISS,2169.0,True,True,True,1
80,2019-09-26 10:31:00.674157,2019,KSC LC-39A,HEO,6152.0,True,True,True,1
81,2019-11-08 11:51:54.606741,2019,KSC LC-39A,ISS,1147.0,True,True,True,1
82,2019-12-21 13:12:48.539325,2019,CCAFS SLC-40,PO,2061.0,True,True,True,1
83,2020-02-02 14:33:42.471910,2020,KSC LC-39A,ISS,4441.0,False,True,True,1
84,2020-03-16 15:54:36.404494,2020,CCAFS LC-40,ES-L1,3084.0,True,True,True,1
85,2020-04-28 17:15:30.337078,2020,CCAFS LC-40,ISS,4223.0,True,True,True,1
86,2020-06-10 18:36:24.269662,2020,CCAFS LC-40,LEO,4296.0,True,True,True,1
87,2020-07-23 19:57:18.202247,2020,KSC LC-39A,VLEO,15651.0,True,True,True,1
88,2020-09-04 21:18:12.134831,2020,CCAFS SLC-40,GEO,6207.0,False,True,True,1
89,2020-10-17 22:39:06.067415,2020,CCAFS LC-40,MEO,300.0,True,True,True,1
90,2020-11-30 00:00:00.000000,2020,CCAFS SLC-40,GTO,5733.0,True,True,True,1
